{"cameraMode":{"drawMode":0,"name":"Shaded","section":"Shading Mode"},"sceneLighting":true,"audioPlay":false,"sceneViewState":{"showFog":true,"showMaterialUpdate":false,"showSkybox":true,"showFlares":true,"showImageEffects":true,"showParticleSystems":true},"in2DMode":false,"pivot":{"x":-4.693982124328613,"y":1.4371495246887208,"z":1.711571216583252},"rotation":{"x":-0.10281272232532501,"y":0.2629097104072571,"z":-0.028189999982714654,"w":-0.9589185118675232},"size":5.193982124328613,"orthographic":false}