{"cameraMode":{"drawMode":0,"name":"Shaded","section":"Shading Mode"},"sceneLighting":true,"audioPlay":false,"sceneViewState":{"showFog":true,"showMaterialUpdate":false,"showSkybox":true,"showFlares":true,"showImageEffects":true,"showParticleSystems":true},"in2DMode":false,"pivot":{"x":0.5669999718666077,"y":2.3010001182556154,"z":1.1329998970031739},"rotation":{"x":0.003504773834720254,"y":-0.5479424595832825,"z":-0.0022969755809754135,"w":-0.8365168571472168},"size":10.0,"orthographic":false}